"Var1","Freq"
"1","Si",77.5792719715761
"2","No",22.4207280284239
