"Var1","Freq"
"1","No",82.7129169031483
"2","S?",17.2870830968517
