"Var1","Freq"
"1","No",84.1685306980937
"2","S?",15.8314693019063
