"Var1","Freq"
"1","NO PE",53.4537441992455
"2","PE",46.5462558007545
